sample,rows,api,wall_ns_per_rpc,client_cpu_ns_per_rpc,allocated_bytes_per_rpc,allocations_per_rpc
1,1,Value,1298362,448781,22490,377
1,1,QueryArrow,1318194,429111,27072,372
1,1,WithArrow,1357593,481533,30591,474
1,10,Value,1334415,499542,36984,721
1,10,QueryArrow,1357531,445448,30143,373
1,10,WithArrow,1441086,464518,37353,619
1,100,Value,2199860,1228240,186031,4112
1,100,QueryArrow,1560691,484733,61928,374
1,100,WithArrow,1841185,794840,106134,2007
1,1000,Value,6614028,3571960,2242131,39524
1,1000,QueryArrow,4735071,1137710,392214,680
1,1000,WithArrow,6035173,2784360,1078708,17655
1,10000,Value,30000364,23713000,19816012,394877
1,10000,QueryArrow,18776495,7670550,5110426,4710
1,10000,WithArrow,20367943,11473110,10976058,176173
2,1,Value,1307303,434613,22289,377
2,1,QueryArrow,1325208,449918,27062,372
2,1,WithArrow,1332648,465412,30556,475
2,10,Value,1297948,496044,36846,721
2,10,QueryArrow,1365778,461592,30163,373
2,10,WithArrow,1583338,498267,37502,619
2,100,Value,2264076,1222319,186315,4112
2,100,QueryArrow,1613545,546643,61738,374
2,100,WithArrow,1832815,768527,105629,2007
2,1000,Value,5629411,2826040,2245515,39524
2,1000,QueryArrow,3727867,1051660,436200,683
2,1000,WithArrow,4959054,2754410,1042606,17653
2,10000,Value,27785160,23217540,19804277,394873
2,10000,QueryArrow,19182300,7698610,4924854,4700
2,10000,WithArrow,21074498,11823270,11031844,176176
3,1,Value,1416433,409122,22359,377
3,1,QueryArrow,1489395,424795,27218,372
3,1,WithArrow,1330574,463596,30542,474
3,10,Value,1542149,477677,36913,721
3,10,QueryArrow,1328043,441768,30358,373
3,10,WithArrow,1444288,519917,37508,620
3,100,Value,2090231,1199876,186149,4111
3,100,QueryArrow,1590511,534897,62246,374
3,100,WithArrow,1833906,806263,105932,2007
3,1000,Value,5889262,3248500,2224606,39523
3,1000,QueryArrow,3903600,1097010,437310,682
3,1000,WithArrow,5022408,2829640,1153980,17655
3,10000,Value,33284569,24540640,19903808,394882
3,10000,QueryArrow,19645705,7118980,4975124,4724
3,10000,WithArrow,20550656,12269160,11035568,176200
4,1,Value,1280044,317678,22418,377
4,1,QueryArrow,1316372,445169,27025,372
4,1,WithArrow,1380653,505772,30614,474
4,10,Value,1317494,516482,36805,721
4,10,QueryArrow,1295667,427602,30268,373
4,10,WithArrow,1409538,496290,37306,619
4,100,Value,2162412,1234788,186593,4112
4,100,QueryArrow,1704476,485858,61840,374
4,100,WithArrow,1870202,799680,106096,2007
4,1000,Value,6342965,3474660,2225696,39524
4,1000,QueryArrow,4570900,1055910,390727,680
4,1000,WithArrow,5146147,2638320,959143,17652
4,10000,Value,27535592,23825360,19901277,394885
4,10000,QueryArrow,18821001,7735670,5018194,4727
4,10000,WithArrow,23006190,12653440,11178169,176162
5,1,Value,1505178,399097,22436,377
5,1,QueryArrow,1285904,391964,27197,372
5,1,WithArrow,1450856,465572,30650,474
5,10,Value,1530911,505160,36980,721
5,10,QueryArrow,1312595,451243,30253,373
5,10,WithArrow,1408246,512811,37575,619
5,100,Value,2090519,1091152,186229,4111
5,100,QueryArrow,1510429,520052,61718,374
5,100,WithArrow,1756362,754428,105607,2007
5,1000,Value,6397004,3721830,2266804,39526
5,1000,QueryArrow,3751761,980380,390551,679
5,1000,WithArrow,5064212,2807260,1109803,17654
5,10000,Value,27722628,23824190,19987499,394881
5,10000,QueryArrow,22478796,7661310,4927487,4711
5,10000,WithArrow,25561410,13436660,11155792,176139
